answer,class_id
unanswerable,0
unusable image,1
yes,2
no,3
white,4
grey,5
black,6
blue,7
red,8
brown,9
pink,10
green,11
keyboard,12
purple,13
nothing,14
soup,15
dog,16
laptop,17
yellow,18
phone,19
food,20
tan,21
lotion,22
orange,23
cell phone,24
chicken,25
pepsi,26
corn,27
coffee,28
0,29
remote,30
coca cola,31
shampoo,32
beans,33
wine,34
remote control,35
computer,36
can,37
soda,38
bottle,39
green beans,40
tv,41
chair,42
beer,43
table,44
book,45
beige,46
computer screen,47
pen,48
black white,49
cup,50
coke,51
water,52
hand sanitizer,53
silver,54
water bottle,55
regular,56
paper,57
cereal,58
hand,59
dr pepper,60
candy,61
diet coke,62
cat,63
beef,64
i dont know,65
5,66
chocolate,67
door,68
box,69
tea,70
off,71
money,72
light,73
flowers,74
20,75
10,76
blank,77
tomato sauce,78
apple,79
iphone,80
gold,81
living room,82
unknown,83
blue white,84
1,85
mountain dew,86
tomatoes,87
sprite,88
2,89
television,90
fan,91
medicine,92
right,93
car,94
tablet,95
mouse,96
macaroni cheese,97
clear,98
desk,99
wall,100
1 dollar,101
vanilla,102
peanut butter,103
left,104
telephone,105
shirt,106
foot,107
milk,108
blanket,109
french vanilla,110
computer mouse,111
vegetables,112
cookies,113
orange juice,114
cream mushroom,115
juice,116
watch,117
strawberry,118
bed,119
light blue,120
chips,121
3,122
coffee cup,123
right side up,124
baked beans,125
lamp,126
cant tell,127
pasta,128
soap,129
plant,130
crackers,131
headphones,132
blurry,133
sd,134
mug,135
finger,136
floor,137
salt vinegar,138
shoe,139
cherry,140
shoes,141
8 minutes,142
sauce,143
cream,144
cloudy,145
ginger ale,146
monitor,147
cream mushroom soup,148
window,149
cigarettes,150
tv remote,151
spinach,152
ketchup,153
black beans,154
4,155
potatoes,156
cd,157
conditioner,158
dont know,159
cottage pie,160
chicken noodle,161
speaker,162
on,163
sky,164
cellphone,165
vitamins,166
ipad,167
flower,168
windows,169
body wash,170
kitchen,171
dark,172
rug,173
cleaner,174
khaki,175
body lotion,176
peach,177
salt,178
startup repair,179
glass,180
computer keyboard,181
clock,182
lemon,183
meatloaf,184
chicken noodle soup,185
toy,186
carpet,187
perfume,188
purse,189
mixed vegetables,190
tuna,191
radio,192
peaches,193
pinto beans,194
ceiling fan,195
ibuprofen,196
8,197
pillow,198
campbells,199
laptop computer,200
chili,201
pizza,202
broccoli,203
popcorn,204
meat,205
couch,206
peas,207
ground beef,208
pills,209
bag,210
frozen dinner,211
unsure,212
cheese,213
card,214
rice,215
not sure,216
coffee mug,217
calculator,218
bedroom,219
cake,220
dvd,221
hat,222
diced tomatoes,223
tomato,224
maroon,225
blueberry,226
light grey,227
original,228
mustard,229
room,230
words,231
cake mix,232
spaghetti meatballs,233
72,234
glasses,235
gum,236
christmas tree,237
tylenol,238
microwave,239
wallet,240
toothpaste,241
coke 0,242
spaghetti,243
windex,244
not clear,245
dollar bill,246
wood,247
green white,248
ravioli,249
fruit,250
drink,251
100,252
butter,253
tree,254
low,255
pudding,256
cinnamon,257
dell,258
cheerios,259
cranberry sauce,260
keys,261
screen,262
negative,263
potato chips,264
grass,265
sugar,266
picture,267
stapler,268
chicken broth,269
hazelnut,270
computer monitor,271
corned beef,272
grey white,273
chicken pot pie,274
vegetable,275
350,276
tomato soup,277
yes white,278
salad dressing,279
hamburger helper,280
root beer,281
up,282
bud light,283
75,284
diet pepsi,285
chicken breast,286
camera,287
1 dollar bill,288
$1,289
red white,290
tissues,291
menu,292
plaid,293
kleenex,294
insufficient image quality,295
white black,296
no idea,297
pepper,298
off white,299
sausage,300
nestea,301
can soup,302
microsoft corporation,303
honey nut cheerios,304
scissors,305
person,306
french roast,307
cloth,308
toilet paper,309
house,310
ok,311
tropical punch,312
porcupines in tomato sauce,313
brown white,314
garlic powder,315
cola,316
kidney beans,317
sunglasses,318
pasta sauce,319
teal,320
error message,321
mashed potatoes,322
pepperoni,323
gift card,324
tissue,325
spaghetti sauce,326
office,327
guitar,328
brownie mix,329
beef broth,330
79,331
blue grey,332
lime,333
apple juice,334
shower gel,335
teddy bear,336
pumpkin,337
74,338
melatonin,339
printer,340
chicken dijon,341
legs,342
woman,343
plain,344
1 line,345
high,346
dark grey,347
grape,348
alarm clock,349
cabinet,350
lemon juice,351
cream chicken,352
seasoning,353
neither,354
78,355
pineapple,356
harry potter,357
answerable,358
trash can,359
unclear,360
fabric,361
noodles,362
watermelon,363
alcohol,364
pear,365
charger,366
towel,367
olives,368
lighter,369
mrs dash,370
5 minutes,371
gevalia,372
granola bars,373
fish,374
canned food,375
instructions,376
coca cola 0,377
5 dollars,378
pickles,379
fireplace,380
73,381
white blue,382
label,383
ipod,384
laundry detergent,385
basil,386
tv dinner,387
advil,388
ring,389
steak,390
dollar,391
macaroni,392
cant see,393
sink,394
t shirt,395
decaf,396
unreadable,397
sea salt,398
big print address book,399
house blend,400
salmon,401
6,402
mixed nuts,403
stove,404
candle,405
campbells soup,406
leaves,407
light brown,408
nutrition facts,409
pink white,410
almond,411
arm,412
oatmeal,413
taco seasoning,414
deodorant,415
lasagne,416
dark chocolate,417
burgundy,418
mac cheese,419
golden retriever,420
man,421
video game,422
parking lot,423
counter,424
diet dr pepper,425
turkey,426
magenta,427
terrier,428
nokia,429
trees,430
dehumidifier,431
bird,432
itunes,433
smoked bacon tomato,434
granola bar,435
bottle wine,436
thermostat,437
90,438
69,439
68,440
white green,441
espresso,442
mouthwash,443
top,444
banana,445
savoury beef rissoles,446
cross,447
backpack,448
samsung,449
raisins,450
bottled water,451
grandpas teeth,452
healthy choice,453
oregano,454
vertical,455
peanut butter crunch,456
vase,457
leg,458
tissue box,459
black blue,460
upside down,461
40,462
whiskey,463
400,464
jar,465
dunkin donuts,466
ceiling,467
450,468
grey black,469
20 dollar bill,470
honey,471
magazine,472
bottle water,473
chili beans,474
muffin mix,475
mvg,476
heater,477
dressing,478
smart phone,479
notebook,480
9 minutes,481
stuffed animal,482
energy drink,483
toshiba,484
tomato paste,485
20 dollars,486
apple cinnamon,487
painting,488
chopped spinach,489
wheat thins,490
carrots,491
sweet corn,492
green tea,493
floral,494
mushrooms,495
desktop,496
decaffeinated,497
lab,498
microsoft,499
mtn dew,500
ranch,501
diet,502
9,503
apple pie,504
coin,505
cream celery,506
maybe,507
50,508
cord,509
salisbury steak,510
sun,511
sweet peas,512
dark blue,513
roast beef,514
navy blue,515
mushroom,516
dark chocolate truffle,517
70,518
pill bottle,519
too blurry,520
pork,521
piano,522
lasagna,523
chocolate chip,524
pot pie,525
shelf,526
text,527
bush,528
chili powder,529
beef stroganoff,530
rose,531
yogurt,532
game,533
smartphone,534
outside,535
air freshener,536
cigarette,537
salsa,538
hand soap,539
cranberry,540
stroganoff,541
snickers,542
pie,543
honey bunches oats,544
apple logo,545
m&ms,546
cream chicken soup,547
mango,548
mints,549
clouds,550
blank screen,551
light green,552
hot pockets,553
paprika,554
installing windows,555
iced tea,556
spaghetti seasoning,557
pancake mix,558
wash rinse spin,559
medium,560
honey soy chicken,561
refried beans,562
beef dinner,563
chicken soup,564
leaf,565
inhaler,566
manwich,567
vanilla hazelnut,568
whole kernel corn,569
sage,570
walmart,571
horse,572
coconut,573
envelope,574
blackberry,575
peach mango,576
oriental,577
cauliflower,578
christmas,579
barcode,580
creamy,581
lg,582
celestial,583
spanish rice,584
we,585
bbq sauce,586
lavender,587
black screen,588
rigatoni,589
purell,590
pork chops,591
medication,592
light red kidney beans,593
oranges,594
crumbed fillet fish,595
clothes,596
ginger,597
sunflower seeds,598
green mountain coffee,599
salad,600
deer park,601
currency,602
drawing,603
77,604
corn flakes,605
peppermint,606
dresser,607
dish soap,608
insufficient image,609
pepsi max,610
black brown,611
13,612
ll bean,613
lysol,614
use washer dryer swipe card,615
nuts,616
nike,617
beagle,618
hair,619
budweiser,620
hot,621
d,622
multicolored,623
pain reliever,624
tool,625
creamy chicken,626
container,627
nasal spray,628
cabernet sauvignon,629
puzzle,630
not shown,631
black silver,632
plastic,633
mirror,634
snack,635
blue screen,636
plate,637
chapstick,638
cappuccino,639
lager,640
steering wheel,641
lever 2000,642
macbook,643
$20,644
cartoon,645
logo,646
yoplait,647
blue green red yellow,648
baked chicken mushroom sauce,649
soda can,650
b,651
fish oil,652
special lasagne,653
mac,654
barbecue,655
rum,656
vodka,657
tums,658
cut green beans,659
cough drops,660
blue yellow,661
pork beans,662
football,663
ford,664
76,665
potato soup,666
laptop screen,667
berry,668
ear training,669
advertisement,670
blue black,671
spice,672
no label,673
stripes,674
curtain,675
motrin,676
store,677
7 up,678
milk chocolate,679
refrigerator,680
tv stand,681
entertainment center,682
fingers,683
curtains,684
dark brown,685
ashtray,686
horizontal,687
sliced peaches,688
25,689
neosporin,690
cilantro,691
precious memories,692
iron man 2,693
french style green beans,694
steak rub,695
feet,696
black dog,697
roast chicken,698
sheet,699
fishing in air,700
statue,701
doll,702
1000,703
wine bottle,704
blue white stripes,705
progresso,706
pants,707
chives,708
black grey,709
clean,710
oven,711
buttons,712
detergent,713
pink lemonade,714
oil,715
special k,716
ingredients,717
325,718
white grey,719
lemonade,720
multi,721
bowl,722
moon,723
300,724
wild mountain blueberry,725
install mac os x,726
french,727
sony,728
turquoise,729
earl grey,730
lemon butter shrimp,731
police,732
cajun night before christmas,733
acetaminophen,734
splenda,735
vegetable soup,736
no image,737
bar code,738
ds,739
snack pack pudding,740
warning,741
i cant tell,742
aspirin,743
multi colored,744
potato,745
80,746
grapefruit,747
pink green,748
cancel,749
food item,750
air conditioner,751
pop,752
truck,753
cheez,754
2 minutes,755
can beans,756
toy car,757
merlot,758
garbanzo beans,759
jeans,760
ham,761
kitchen counter,762
87.5,763
breakfast blend,764
breakfast,765
fine fine school,766
bag chips,767
imodium,768
yes yes,769
cheesy pasta,770
glass water,771
spaghetti bolognaise,772
labrador,773
jaffa cakes,774
free,775
sweet pepper,776
cheetos,777
animal crackers,778
chicken bacon,779
poinsettia,780
cane,781
niagara falls,782
sight connection,783
raspberry,784
broccoli au gratin,785
cheese onion,786
onion powder,787
daring,788
aquafina,789
spices,790
toothbrush,791
login screen,792
folgers,793
sanitizer,794
sock,795
yellow lab,796
coupon,797
white red,798
light pink,799
15,800
12,801
frozen food,802
cookie,803
solid,804
movie,805
denim,806
billie holiday,807
cologne,808
cap,809
glass cleaner,810
liquor,811
sunscreen,812
cat food,813
blue green,814
letter,815
box tissues,816
white brown,817
bake,818
organic,819
hot chocolate,820
doritos,821
tabasco,822
lights,823
ground turkey,824
can food,825
spider,826
peanuts,827
binoculars,828
normal,829
peanut butter toast crunch,830
windows 7,831
medicine bottle,832
white pink,833
oolong,834
vaseline,835
fisherman pie,836
peanut butter crackers,837
package,838
cream corn,839
backyard,840
1 2 cup,841
beer bread mix,842
pliers,843
meatballs,844
toilet,845
eye drops,846
dual force,847
poultry seasoning,848
200,849
ham cheese,850
talking timer,851
white chocolate,852
out africa,853
help,854
216,855
handsome like daddy,856
mushroom soup,857
italian,858
mayo,859
music,860
laptop keyboard,861
wrong side,862
flashlight,863
11:26,864
blonde,865
vacuum,866
soup can,867
striped,868
dog toy,869
mucinex,870
mad money,871
good,872
pinto,873
numbers,874
paper towels,875
clothing,876
wipes,877
frozen meal,878
please select boot device,879
kahlua,880
timothy,881
bombshell,882
microwave popcorn,883
countertop,884
cheddar,885
piggy bank,886
paper towel,887
liquid,888
recorder,889
sideways,890
brown black,891
dog years,892
both,893
scalloped potatoes,894
butterfly,895
g,896
arawak,897
chicken satay sauce,898
shadow,899
ball,900
jacket,901
mixed fruit,902
empty,903
whisky,904
cheddar cheese,905
piano keys,906
faithful elephants,907
tikka masala,908
mudslide,909
bear,910
120,911
john michael montgomery,912
digital,913
mexican,914
blue moon,915
small,916
lime green,917
ink pen,918
16,919
boots,920
dog food,921
500,922
dolce gabbana,923
cordless phone,924
frozen vegetables,925
soda bottle,926
oak,927
beverage,928
stereo,929
chicken wings,930
chardonnay,931
black tea,932
roses,933
sunkist,934
fanta,935
4 minutes,936
green day,937
burgers,938
ground cinnamon,939
very,940
black tan,941
ad,942
building,943
dinner,944
cold medicine,945
boy,946
coffee table,947
whipped cream,948
loading,949
bread,950
meow mix,951
emerson,952
poster,953
goblet fire,954
squash,955
taylor swift,956
beets,957
shrimp,958
can soda,959
saint arnold,960
classic,961
grey yes,962
honey mustard,963
tortellini,964
tarot,965
queen,966
lean pockets,967
almonds,968
409,969
dec 28 2013,970
lemon citrus,971
clam chowder,972
id give up chocolate but im not quitter,973
cinnamon spice,974
whirlpool,975
73.5,976
lotion conditioner shampoo,977
jan 27 2013,978
pledge,979
hominy,980
10 pounds,981
lion,982
celery salt,983
cayenne pepper,984
flash,985
coffee pot,986
machine,987
traditional,988
wash,989
barbecue sauce,990
keurig,991
ground,992
art,993
lean cuisine,994
sofa,995
cant read,996
fish fillets,997
not visible,998
writing,999
battle,1000
night time,1001
sleep,1002
jeffrey,1003
sidewalk,1004
tape,1005
aleve,1006
end table,1007
overcast,1008
ferlin husky,1009
channa masala,1010
pretzels,1011
spaghetti os,1012
clive cussler dirk cussler,1013
hippie chips,1014
yellow black,1015
cabinets,1016
quarter,1017
yellow green,1018
body spray,1019
baby wipes,1020
dark chocolate hot cocoa,1021
pencil,1022
beer can,1023
braised chicken almonds,1024
red wine,1025
sneaker,1026
red kidney beans,1027
santa,1028
mixed,1029
pringles,1030
golden,1031
1.5,1032
poodle,1033
cupcake,1034
mobile phone,1035
maple brown sugar,1036
baby powder,1037
phone screen,1038
mozzarella,1039
snacks,1040
flour,1041
king spades,1042
stewed tomatoes,1043
onion sea salt,1044
jambalaya mix,1045
4.65,1046
cheese balls,1047
coffee maker,1048
where red fern grows,1049
grocery store,1050
headset,1051
google,1052
braille,1053
packers,1054
shaving cream,1055
milky way,1056
women,1057
green apple,1058
sausages onion gravy,1059
native visions,1060
beef goulash,1061
toaster oven,1062
tamale bake,1063
lemonade tea,1064
sun chips,1065
cotton,1066
girl,1067
metal,1068
soy sauce,1069
bushs baked beans,1070
hair brush,1071
donut,1072
ice cream,1073
spray bottle,1074
curried sausages,1075
475,1076
people,1077
bottom,1078
invisible,1079
office chair,1080
unstable image,1081
red black,1082
sweet,1083
tullys,1084
yamaha,1085
ash tray,1086
gel,1087
24,1088
dayquil,1089
bottle cap,1090
very clean,1091
bathroom,1092
marlboro cigarettes,1093
syrup,1094
raisin bran,1095
button,1096
425,1097
sign,1098
biscuits,1099
relish,1100
kirkland,1101
street,1102
jasmine green tea,1103
case,1104
loading screen,1105
hot sauce,1106
baby food,1107
listerine,1108
collard greens,1109
playing cards,1110
cards,1111
capri sun,1112
toilet tissue,1113
zipper,1114
battery,1115
dvds,1116
melon,1117
hot cocoa,1118
calendar,1119
7 minutes,1120
sour cream onion,1121
trail mix,1122
coconut oil,1123
yard,1124
c,1125
gin,1126
dinosaur,1127
ice,1128
triceratops,1129
acidophilus,1130
aeropostale,1131
traditional roast beef,1132
futuro,1133
spaghetti bologna,1134
wild blueberry,1135
benadryl,1136
wet wipes,1137
cookie dough,1138
m,1139
cinnamon pastry,1140
disinfecting wipes,1141
04,1142
margarita,1143
grill,1144
creamy 4 cheese,1145
stairs,1146
potato sticks,1147
cassette tape,1148
vegemite,1149
$1 bill,1150
receipt,1151
darth vader,1152
orchid,1153
saltines,1154
ranch dressing,1155
tablets,1156
newspaper,1157
hairbrush,1158
garlic,1159
dessert,1160
library,1161
router,1162
frozen pizza,1163
1 on right,1164
purple white,1165
okay,1166
i don no,1167
home,1168
18,1169
letters,1170
heinz tomato ketchup,1171
ramen,1172
spoon,1173
chap stick,1174
frozen,1175
supplement,1176
sticker,1177
progresso soup,1178
real,1179
weeds,1180
starbucks,1181
stool,1182
jergens,1183
black red,1184
morning blend,1185
oreos,1186
59,1187
glare,1188
not,1189
word,1190
egg noodles,1191
cool ranch,1192
lays,1193
maxwell house,1194
beef stew,1195
67,1196
suv,1197
chile,1198
3 cheese tortellini,1199
champagne,1200
speakers,1201
supreme,1202
wine glass,1203
t,1204
basketball,1205
conditioning shampoo,1206
candy bars,1207
purell hand sanitizer,1208
04669861010001,1209
white bean chicken chili,1210
chex mix,1211
thumb,1212
static,1213
great value,1214
philips,1215
mahou,1216
chicken broccoli,1217
roasted garlic,1218
9:40,1219
81,1220
vending machine,1221
toilet bowl cleaner,1222
rice roni,1223
garden,1224
drum,1225
5 dollar bill,1226
strawberries,1227
razor,1228
alpha bits,1229
dr pepper 10,1230
thin mints,1231
welcome,1232
string beans,1233
french toast,1234
news,1235
sauerkraut,1236
burger king,1237
nacho cheese,1238
hot apple cider,1239
nutmeg,1240
brush,1241
scuderia ferrari,1242
marie callenders,1243
daisy,1244
yuengling,1245
key board,1246
peanut,1247
pictures,1248
bug,1249
fence,1250
caffe verona,1251
starting windows,1252
tim hortons,1253
silver black,1254
grey pink,1255
tshirt,1256
star,1257
euro,1258
candy bar,1259
mail,1260
chicken stock,1261
foreign currency,1262
kettle corn,1263
plastic bottle,1264
creamer,1265
german shepard,1266
rca,1267
massimo,1268
cough syrup,1269
caffeinated,1270
beetle,1271
hot pink,1272
mouth wash,1273
tan white,1274
as,1275
peas carrots,1276
lap top,1277
keypad,1278
key,1279
cds,1280
nyquil,1281
books,1282
patio,1283
blur,1284
black onyx,1285
xxl,1286
american,1287
pepperoni pizza,1288
3 minutes,1289
suitcase,1290
navy,1291
plug,1292
gravy,1293
light tan,1294
blue red,1295
digital voice recorder,1296
fire alarm,1297
clorox,1298
broth,1299
fish tank,1300
chihuahua,1301
beef ravioli,1302
38,1303
piano keyboard,1304
kraft,1305
cranberry juice,1306
playing card,1307
lime juice,1308
laundry basket,1309
spaghettios,1310
historic walk in san francisco,1311
spaghetti meat sauce,1312
tomatos,1313
chicken nuggets,1314
nokia cell phone,1315
axe,1316
may 04 2013,1317
necklace,1318
fruit cocktail,1319
cannellini beans,1320
vizwiz,1321
elbow,1322
cadbury,1323
bacon,1324
social security administration,1325
cashews,1326
978 0 13 265811 9,1327
sliced carrots,1328
148 75,1329
breakfast in bed,1330
english mustard,1331
feb 21 2014,1332
breast,1333
sugar snap peas,1334
abraham lincoln vampire hunter,1335
blueberry muffin mix,1336
big easy bold,1337
check,1338
almond crunch,1339
coffee fool,1340
6 cheese tortellini,1341
half,1342
table chair,1343
lucky charms,1344
beef chuck steak,1345
fuschia,1346
mauve,1347
kettle,1348
socks,1349
spot shot,1350
red car,1351
sweet potato fries,1352
mayonnaise,1353
shutting down,1354
pomeranian,1355
flyer,1356
quilt,1357
magnifying glass,1358
trashcan,1359
turn over,1360
omaha steaks,1361
cookie mix,1362
vanilla latte,1363
umbrella,1364
reflection,1365
underwear,1366
far right,1367
sugar cookie mix,1368
375,1369
fruit punch,1370
cracker,1371
tequila,1372
laundry soap,1373
no words,1374
100 dollar bill,1375
coffee creamer,1376
150,1377
cut leaf spinach,1378
skin,1379
marlboro,1380
light purple,1381
tortilla chips,1382
hamburger,1383
rosemary,1384
porcupines,1385
grey blue,1386
knife,1387
stovetop,1388
netgear,1389
walkie talkie,1390
71,1391
ash color,1392
bible,1393
eye glasses,1394
newport,1395
df,1396
coke can,1397
black pink,1398
chewing gum,1399
bananas,1400
vitamin,1401
tomato basil soup,1402
suitable image,1403
can coca cola,1404
dart board,1405
paint,1406
leather,1407
2854.562,1408
74.5,1409
on floor,1410
extra bold,1411
iams,1412
9 upside down,1413
grape juice,1414
islands,1415
houseplant,1416
sleepytime herbal tea,1417
image blank,1418
i phone,1419
organic black beans,1420
2012,1421
chicken parmesan,1422
voice recorder,1423
red blue,1424
smiley face,1425
panasonic,1426
keystone ice,1427
stouffer,1428
berry blue,1429
treadmill,1430
cable box,1431
chicken tikka masala,1432
right side,1433
chocolate vanilla swirl,1434
twizzlers,1435
hangover,1436
snow,1437
on right,1438
hp,1439
hot pepper sauce,1440
coconut body butter,1441
tabby,1442
sunny,1443
condensed milk,1444
very clear,1445
mint,1446
shea body butter,1447
nascar 07,1448
stove top stuffing,1449
macbook pro,1450
middle,1451
error,1452
bread crumbs,1453
scale,1454
fools costa rican tarrazu,1455
sleep aid,1456
peppercorn,1457
styrofoam cup,1458
singapore,1459
green yellow,1460
bacon bits,1461
fettuccine alfredo,1462
warm,1463
cleaning product,1464
restaurant,1465
$5,1466
vinegar,1467
blue silver,1468
baby shampoo,1469
vacuum cleaner,1470
38.5,1471
orange soda,1472
mjl,1473
advanced,1474
whole grain white,1475
evaporated milk,1476
febreze,1477
chicken bouillon,1478
shoe horn,1479
blue buffalo,1480
tomato juice,1481
v8,1482
milk magnesia,1483
4 cheese,1484
ground cumin,1485
thyme,1486
2000,1487
waffles,1488
tullys italian roast,1489
sliced beets,1490
curve,1491
grilled onions mushrooms,1492
outback steakhouse steak rub no salt,1493
lemon pepper,1494
bright light,1495
donut shop,1496
date,1497
puppy,1498
3.77,1499
no 1,1500
icons,1501
black yellow,1502
starbucks caffe verona,1503
cjo,1504
cleanser,1505
sweater,1506
28,1507
canned soup,1508
barbeque sauce,1509
loading bar,1510
mayonaise,1511
caterpillar,1512
marker,1513
toilet cleaner,1514
smores,1515
mini ravioli,1516
coaster,1517
snail,1518
soccer coach,1519
walking stick,1520
seasoned steak bites,1521
usb,1522
august 13 2012,1523
road,1524
computer desk,1525
fork,1526
angel,1527
leisure,1528
633,1529
arabic,1530
sweet sour chicken,1531
classico,1532
sewing machine,1533
desk chair,1534
fluffy,1535
awake,1536
braille machine,1537
van houtte,1538
cell phone screen,1539
directions,1540
2 weeks,1541
pool,1542
broil,1543
usa,1544
bench,1545
8 min,1546
er,1547
controller,1548
screenshot,1549
mexico,1550
cats claw,1551
cottage cheese,1552
mt dew,1553
all that jazz,1554
radish,1555
electric,1556
celery,1557
tape dispenser,1558
microwave dinner,1559
26.702,1560
lima beans,1561
blue jeans,1562
barbie,1563
skip bo,1564
copper,1565
garbanzo,1566
answering machine,1567
to left,1568
hi,1569
dog treats,1570
this food item,1571
cocacola,1572
schnauzer,1573
chef boyardee spaghetti meatballs,1574
phone case,1575
maxwell house coffee,1576
9:39,1577
crystal,1578
tropical fruit,1579
hko,1580
kool aid,1581
oven bags,1582
lid,1583
ceylon,1584
ground sage,1585
mutt,1586
101 dalmatians,1587
video camera,1588
captain america,1589
youre welcome,1590
3.00,1591
bathroom cleaner,1592
quaker,1593
silverwood,1594
fridge,1595
john green,1596
ginger root,1597
olive green,1598
ek7s,1599
texas smokehouse,1600
chocolates,1601
altoids,1602
westell,1603
chocolate bar,1604
35,1605
bars,1606
180,1607
chicken fingers,1608
grapes,1609
minus,1610
park,1611
computer tower,1612
turkey tetrazzini,1613
corn muffins,1614
2:20,1615
hot spicy,1616
301,1617
pink purple,1618
nestle,1619
1:27,1620
open,1621
homer simpson,1622
chicken alfredo,1623
bbq tapioca chips,1624
security,1625
samuel adams winter lager,1626
samuel adams,1627
circle,1628
black box,1629
rgb745wea7ww,1630
beef meatballs,1631
custard,1632
123.8,1633
projector,1634
tiger,1635
97zh,1636
lanvin,1637
chili seasoning mix,1638
table chairs,1639
anchor,1640
2%,1641
desktop computer,1642
84pn,1643
parsley,1644
heater warmer cooler,1645
next,1646
happy birthday,1647
amanda,1648
qr code,1649
jam,1650
at&t,1651
celestine vision,1652
checking file system on c:,1653
pure grace,1654
3:10,1655
chicken enchiladas,1656
triple berry blend,1657
plaque,1658
turkey pot pie,1659
iphone screen,1660
toms,1661
muffins,1662
3:18,1663
crab cakes,1664
disc repair kit,1665
storage,1666
cotton ball,1667
afterwards,1668
bamboo shoots,1669
fast 5,1670
barbeque,1671
pot roast,1672
powerade,1673
french onion,1674
savor m1100,1675
vitamin d,1676
kinect adventures,1677
fruit slices,1678
ocean,1679
cords,1680
qsa,1681
woody herman,1682
hair cutter,1683
equate,1684
vanilla pudding,1685
black green,1686
risk management,1687
jukebox blues,1688
life,1689
black silk,1690
250,1691
mint chocolate chip,1692
dude youre barista,1693
chandelier,1694
winston,1695
mcdonalds,1696
vengeance,1697
split pea soup,1698
printer not responding,1699
halls,1700
signs,1701
double fudge brownie,1702
nlh,1703
mikes hard lemonade,1704
santos,1705
protein powder,1706
fashion,1707
mcmxvi,1708
creamy carbonara,1709
planes trains automobiles,1710
country teardrops,1711
quiet 1,1712
weather,1713
body wash conditioner,1714
spring branch presbyterian academy,1715
jukebox hits,1716
warm vanilla sugar,1717
volunteer,1718
coors light,1719
fresca,1720
799852896,1721
basil leaves,1722
diet sunkist,1723
fudge marshmallow,1724
neutral,1725
secret life your cat,1726
potato cheddar soup mix,1727
trust me im geek,1728
decussis,1729
birthday card,1730
pine sol,1731
ihop,1732
hunger games,1733
toaster,1734
pizza hut,1735
arm hammer,1736
crazy love,1737
heineken,1738
lake,1739
bug zapper,1740
kona blend,1741
278900,1742
2.26.00,1743
cpprop his,1744
somerville,1745
mitch webster,1746
cobra,1747
things no longer,1748
octavarium test guitar saved,1749
wvk,1750
mineral oil,1751
songs that won war,1752
sparkling cider,1753
roasted garlic powder,1754
1:09,1755
island fresh,1756
energizer,1757
jiffy corn muffin mix,1758
motorola,1759
delay start,1760
rotini alfredo broccoli florets,1761
26,1762
last starfighter,1763
no smoking,1764
peach apricot,1765
little princess,1766
chess,1767
4.54,1768
father,1769
meatball,1770
ammonia,1771
fall giants,1772
partiv,1773
kamboh,1774
garnet,1775
usc,1776
5npj,1777
cookie crisp,1778
carrie,1779
rise planet apes,1780
mustard seeds,1781
nib,1782
[NUMBER],1783
